1	NC_002967.9	604677	604732
2	NC_002967.9	968263	968318
3	NC_002967.9	1085820	1085901
4	NC_002967.9	2125699	2125783
5	NC_002967.9	2276720	2276771
6	NC_002967.9	2305081	2305159
7	NC_002967.9	2541114	2541206
8	NC_006908.1	182820	182851
9	NC_007204.1	559691	559808
10	NC_007626.1	496532	496590
11	NC_007626.1	497142	497198
12	NC_007908.1	906377	906406
13	NC_008530.1	1242686	1242715
14	NC_008697.1	176313	176404
15	NC_008750.1	1161831	1161860
16	NC_008750.1	2845986	2846026
17	NC_008750.1	2846498	2846607
18	NC_009036.1	12094	12232
19	NC_009253.1	1301817	1301934
20	NC_009428.1	1350274	1350391
21	NC_009428.1	2122472	2122589
22	NC_009485.1	823779	823809
23	NC_009485.1	6894429	6894459
24	NC_009494.2	2803689	2803830
25	NC_009615.1	1031731	1031851
26	NC_009633.1	2593834	2593945
27	NC_010172.1	3114285	3114340
28	NC_010322.1	613625	613654
29	NC_010322.1	687493	687525
30	NC_010524.1	2460614	2460730
31	NC_010814.1	2207512	2207636
32	NC_010814.1	2210020	2210144
33	NC_010831.1	2646239	2646298
34	NC_011004.1	581947	581977
35	NC_011420.2	1157860	1157963
36	NC_011420.2	1184332	1184435
37	NC_011420.2	1251099	1251128
38	NC_011891.1	1214899	1214929
39	NC_011891.1	3173221	3173250
40	NC_011901.1	1735790	1735919
41	NC_012724.2	1687905	1687995
42	NC_012724.2	1688412	1688502
43	NC_012781.1	1994076	1994107
44	NC_012791.1	157114	157144
45	NC_012791.1	659331	659364
46	NC_012791.1	762095	762127
47	NC_012791.1	891041	891070
48	NC_012791.1	1054256	1054285
49	NC_012791.1	1163901	1163930
50	NC_012791.1	2528261	2528290
51	NC_012791.1	4908282	4908311
52	NC_012791.1	5124917	5124947
53	NC_012791.1	5265601	5265633
54	NC_012881.1	2630929	2630958
55	NC_013037.1	1789540	1789575
56	NC_013037.1	2476211	2476243
57	NC_013037.1	2703892	2703925
58	NC_013037.1	3080959	3080991
59	NC_013037.1	3500028	3500068
60	NC_013037.1	3945245	3945279
61	NC_013037.1	4248744	4248776
62	NC_013037.1	4938153	4938185
63	NC_013037.1	4986073	4986105
64	NC_013037.1	5457561	5457594
65	NC_013216.1	4423025	4423140
66	NC_013729.1	4004215	4004249
67	NC_013959.1	216210	216307
68	NC_013959.1	216609	216706
69	NC_014910.1	3722990	3723090
70	NC_014910.1	3723572	3723672
71	NC_014910.1	3728946	3729046
72	NC_015138.1	4028882	4028911
73	NC_015160.1	940623	940745
74	NC_015172.1	550278	550347
75	NC_015172.1	2639857	2639926
76	NC_015172.1	2994384	2994453
77	NC_015172.1	3168604	3168673
78	NC_015312.1	2801098	2801127
79	NC_015312.1	5410246	5410275
80	NC_015572.1	3791814	3791965
81	NC_015856.1	3946837	3946944
82	NC_015856.1	3947418	3947525
83	NC_015856.1	3947856	3947962
84	NC_015873.1	1249257	1249371
85	NC_016002.1	596192	596269
86	NC_016002.1	596856	596933
87	NC_016002.1	965824	965927
88	NC_016002.1	966492	966595
89	NC_016114.1	486951	486983
90	NC_016114.1	695406	695436
91	NC_016114.1	1148986	1149019
92	NC_016114.1	5418994	5419024
93	NC_016593.1	614898	615006
94	NC_016593.1	2380760	2381114
95	NC_016776.1	2437587	2437770
96	NC_017559.1	2194738	2194831
97	NC_017559.1	2195221	2195312
98	NC_017559.1	2199275	2199368
99	NC_017559.1	2201503	2201597
100	NC_018680.1	26180	26256
101	NC_019683.1	4208452	4208568
102	NC_019683.1	4211342	4211459
103	NC_019683.1	4218315	4218422
104	NC_019892.1	5434078	5434107
105	NC_020449.1	1392058	1392184
106	NC_020453.1	541382	541411
107	NC_020453.1	762077	762106
108	NC_020453.1	804682	804711
109	NC_020453.1	1171667	1171697
110	NC_020453.1	1296464	1296493
111	NC_020453.1	2971022	2971052
112	NC_020520.1	20546	20580
113	NC_020520.1	1095097	1095141
114	NC_020520.1	2264463	2264492
115	NC_020520.1	2515199	2515229
116	NC_020520.1	2727676	2727710
117	NC_020520.1	4412980	4413009
118	NC_020829.1	2996096	2996127
119	NC_021021.1	553794	553823
120	NC_021021.1	803548	803580
121	NC_021021.1	2014853	2014885
122	NC_021021.1	2276606	2276636
123	NC_021030.1	171697	171810
124	NC_021030.1	207149	207224
125	NC_021030.1	1279297	1279328
126	NC_021191.1	2793189	2793271
127	NC_021191.1	2802656	2803107
128	NC_021191.1	2807167	2807224
129	NC_021499.1	1331699	1331730
130	NZ_AAVW01000038.1	36579	36703
131	NZ_AAYG02000002.1	93594	93705
132	NZ_AAYG02000016.1	57692	57817
133	NZ_ABBM01001082.1	16361	16452
134	NZ_ABBM01001082.1	16847	16936
135	NZ_ABBM01001082.1	25919	26010
136	NZ_ABEA03000010.1	39731	39792
137	NZ_ACCL02000018.1	48143	48219
138	NZ_ACFB01000013.1	98821	98850
139	NZ_ADKO01000109.1	194919	195038
140	NZ_ADOP01000028.1	29919	30035
141	NZ_AESD01001019.1	2376	2495
142	NZ_AFNE01000030.1	2145	2274
143	NZ_AFXI01000001.1	1039606	1039705
144	NZ_AFXI01000001.1	1040292	1040391
145	NZ_AGFD01000005.1	20313	20402
146	NZ_AGFD01000005.1	23204	23334
147	NZ_AIDA02000092.1	31134	31238
148	NZ_AIDC02000107.1	92739	92853
149	NZ_AJIN01000036.1	117288	117479
150	NZ_AJWX01000011.1	162105	162208
151	NZ_AJWX01000011.1	162783	162884
152	NZ_AJXW01000043.1	34701	34827
153	NZ_AJXW01000043.1	38123	38246
154	NZ_AKIV01000010.1	1092	1189
155	NZ_AKIV01000010.1	1661	1758
156	NZ_AKIV01000010.1	2238	2336
157	NZ_AKJH01000019.1	95025	95127
158	NZ_AKJH01000019.1	101710	101814
159	NZ_AKJH01000019.1	102402	102503
160	NZ_AKJK01000081.1	7056	7091
161	NZ_AKJK01000081.1	20911	20942
162	NZ_AKJT01000025.1	37509	37613
163	NZ_AKJT01000025.1	39435	39538
164	NZ_AKJT01000025.1	40121	40221
165	NZ_ALMY01000011.1	19907	19958
166	NZ_ALPT02000044.1	32980	33099
167	NZ_ALWB01000040.1	7436	7571
168	NZ_AMFD01000008.1	619	739
169	NZ_AMXB01000038.1	9175	9284
170	NZ_AMXB01000038.1	9663	9771
171	NZ_ANNV01000066.1	6433	6462
172	NZ_AOJA01000074.1	30	131
173	NZ_AONQ01000005.1	56344	56427
174	NZ_AONQ01000005.1	58694	58777
175	NZ_AOUH01000022.1	194023	194815
176	NZ_AP013042.1	41515	41669
177	NZ_AP013042.1	70942	71119
178	NZ_AP013042.1	189445	189540
179	NZ_AP013042.1	324732	324913
180	NZ_AP014951.1	4249004	4249033
181	NZ_APMQ01000026.1	26906	26996
182	NZ_AQPL01000077.1	50425	50532
183	NZ_AQPL01000077.1	50981	51086
184	NZ_AQRA01000003.1	154491	154520
185	NZ_AQWN01000009.1	136389	136506
186	NZ_AQYC01000008.1	516834	516943
187	NZ_AQYY01000020.1	5217	5278
188	NZ_ARWH01000001.1	322963	322993
189	NZ_ASSJ01000041.1	38807	38889
190	NZ_ATHI01000003.1	36914	37028
191	NZ_ATHI01000003.1	63423	63542
192	NZ_ATLP01000118.1	85966	86072
193	NZ_ATLP01000118.1	90672	90775
194	NZ_ATLP01000118.1	91365	91466
195	NZ_ATVV01000064.1	2919	2980
196	NZ_ATWO01000001.1	119278	119396
197	NZ_ATXD01000007.1	1047087	1047195
198	NZ_ATXD01000007.1	1083794	1083912
199	NZ_ATYS01000063.1	1541	1672
200	NZ_ATZH01000034.1	9175	9252
201	NZ_ATZH01000034.1	44664	44779
202	NZ_AUBR01000006.1	23647	23765
203	NZ_AUIU01000012.1	249100	249182
204	NZ_AUJK01000014.1	33431	33566
205	NZ_AUMW01000009.1	41405	41510
206	NZ_AURW01000005.1	538065	538094
207	NZ_AUTS01000033.1	52147	52263
208	NZ_AUUR01000173.1	28500	28600
209	NZ_AUUR01000173.1	50128	50214
210	NZ_AVCC01000114.1	8198	8265
211	NZ_AVEM02000294.1	53433	53539
212	NZ_AVEM02000294.1	60660	60763
213	NZ_AVEM02000294.1	61347	61449
214	NZ_AWNH01000040.1	14564	14683
215	NZ_AWNK01000004.1	128097	128210
216	NZ_AWOR01000058.1	57529	57615
217	NZ_AWTN01000095.1	160774	160859
218	NZ_AXAA01000043.1	11936	12017
219	NZ_AXBU01000004.1	393053	393159
220	NZ_AXCA01000158.1	102970	103045
221	NZ_AXZZ01000186.1	2505	2536
222	NZ_AZEI01000017.1	8175	8271
223	NZ_AZFC01000002.1	165798	165896
224	NZ_AZRU01000034.1	58052	58127
225	NZ_AZVV01000003.1	216492	216590
226	NZ_AZVV01000003.1	217182	217283
227	NZ_BAIV01000047.1	4486	4570
228	NZ_BAIV01000047.1	6084	6238
229	NZ_BAIZ01000014.1	6435	6555
230	NZ_BALG01000089.1	1414	1526
231	NZ_BAMF01000005.1	149659	149767
232	NZ_BATO01000096.1	9568	9667
233	NZ_BATO01000096.1	10178	10279
234	NZ_BBDW01000001.1	86076	86195
235	NZ_BBDW01000001.1	110563	110630
236	NZ_BBIR01000031.1	28345	28446
237	NZ_BBIR01000031.1	29057	29157
238	NZ_BCBB01000027.1	38263	38366
239	NZ_BCBB01000027.1	38957	39058
240	NZ_BCBU01000003.1	74849	74952
241	NZ_BCBU01000003.1	75567	75636
242	NZ_BCBX01000033.1	43807	43841
243	NZ_BCBX01000033.1	49839	49873
244	NZ_BCFK01000064.1	25178	25209
245	NZ_BCTL01000102.1	2801	2891
246	NZ_BCVW01000039.1	1717	1821
247	NZ_BCYO01000003.1	61891	61994
248	NZ_BCYO01000003.1	62466	62569
249	NZ_BCYO01000003.1	70471	70578
250	NZ_BDJF01000025.1	209533	209648
251	NZ_CAKP01000036.1	49232	49343
252	NZ_CALJ01000311.1	1398	1539
253	NZ_CAPH01000002.1	9633	9685
254	NZ_CAPH01000015.1	6115	6185
255	NZ_CAPH01000015.1	44373	44471
256	NZ_CBVI010000159.1	9251	9295
257	NZ_CBXX010000030.1	59632	59726
258	NZ_CDBZ01000026.1	1585	1684
259	NZ_CDBZ01000026.1	4283	4403
260	NZ_CDHG01000005.1	199017	199048
261	NZ_CDHG01000005.1	247875	247906
262	NZ_CDHG01000005.1	248154	248184
263	NZ_CDHG01000005.1	249783	249813
264	NZ_CDHG01000005.1	250782	250812
265	NZ_CDHG01000005.1	250971	251001
266	NZ_CH724156.1	549313	549343
267	NZ_CH724156.1	1367522	1367551
268	NZ_CH902599.1	1695063	1695192
269	NZ_CM001374.1	77245	77386
270	NZ_CM002268.1	2212403	2212518
271	NZ_COYP01000017.1	29887	30610
272	NZ_COYP01000017.1	31471	32194
273	NZ_CP001621.1	142634	142672
274	NZ_CP001621.1	291687	291720
275	NZ_CP001621.1	316466	316501
276	NZ_CP005997.1	3729246	3729276
277	NZ_CP007012.1	2062217	2062247
278	NZ_CP007786.1	618759	618849
279	NZ_CP007786.1	619253	619343
280	NZ_CP007806.1	2203285	2203389
281	NZ_CP008696.1	3830052	3830152
282	NZ_CP008696.1	3830747	3830847
283	NZ_CP008934.1	104633	104755
284	NZ_CP009048.1	1846703	1846780
285	NZ_CP009048.1	1847357	1847457
286	NZ_CP009429.1	1964568	1964597
287	NZ_CP009747.1	127123	127155
288	NZ_CP009747.1	229106	229141
289	NZ_CP009747.1	302924	302955
290	NZ_CP009747.1	792856	792888
291	NZ_CP009747.1	1324622	1324656
292	NZ_CP009747.1	1749459	1749491
293	NZ_CP010311.1	3401430	3401548
294	NZ_CP010359.1	2433240	2433316
295	NZ_CP010359.1	2433957	2434034
296	NZ_CP010536.1	1453620	1453709
297	NZ_CP010536.1	1454271	1454384
298	NZ_CP010892.1	2357443	2357544
299	NZ_CP010892.1	2358153	2358253
300	NZ_CP010892.1	4376949	4377027
301	NZ_CP010892.1	4384026	4384126
302	NZ_CP010892.1	4384735	4384836
303	NZ_CP010892.1	4384809	4386215
304	NZ_CP011279.1	4014254	4014357
305	NZ_CP011279.1	4069724	4069827
306	NZ_CP011304.1	229086	229148
307	NZ_CP011304.1	2935054	2935173
308	NZ_CP011456.1	3816516	3816636
309	NZ_CP011456.1	4963677	4963736
310	NZ_CP011456.1	5114164	5114284
311	NZ_CP011773.1	4602419	4602454
312	NZ_CP011789.1	1240145	1240174
313	NZ_CP011789.1	2314100	2314130
314	NZ_CP011789.1	3124696	3124727
315	NZ_CP011789.1	5724303	5724334
316	NZ_CP011789.1	5727264	5727294
317	NZ_CP011974.1	3945636	3945666
318	NZ_CP012680.1	1212711	1212812
319	NZ_CP012680.1	1213404	1213508
320	NZ_CP012680.1	1219766	1219869
321	NZ_CP013118.1	1574212	1574243
322	NZ_CP013118.1	3596908	3596980
323	NZ_CP013145.1	134286	134346
324	NZ_CP013189.1	2106460	2106562
325	NZ_CP013671.1	2752597	2752626
326	NZ_CP013730.1	329605	329635
327	NZ_CP014474.1	4867850	4867879
328	NZ_CP014517.1	3545490	3545519
329	NZ_CP015036.1	4071173	4071260
330	NZ_CP015036.1	4071666	4071754
331	NZ_CP015036.1	4438806	4438893
332	NZ_CP015036.1	4439299	4439387
333	NZ_CP015036.1	4439884	4440119
334	NZ_CP015098.1	1121957	1121991
335	NZ_CP015286.1	3018438	3018468
336	NZ_CP015377.1	4940315	4940415
337	NZ_CP015377.1	4941008	4941108
338	NZ_CP015399.1	5006505	5006619
339	NZ_CP015399.1	5042011	5042121
340	NZ_CP015400.1	2195256	2195305
341	NZ_CP015600.1	1485778	1485879
342	NZ_CP015600.1	1486472	1486577
343	NZ_CP015600.1	4226466	4226571
344	NZ_CP015600.1	4227164	4227242
345	NZ_CP015600.1	4227244	4227979
346	NZ_CP015639.1	1771108	1771137
347	NZ_CP016043.1	1096857	1097150
348	NZ_CP016372.1	379628	379754
349	NZ_CP016372.1	2444639	2444696
350	NZ_CP016372.1	2466869	2467106
351	NZ_CP016501.1	126179	126209
352	NZ_CP017311.1	1005307	1005363
353	NZ_CP017457.1	2104897	2106841
354	NZ_CP017457.1	2274871	2276867
355	NZ_CP017603.1	3415925	3416037
356	NZ_CP018812.1	2933471	2933563
357	NZ_CP018812.1	2933952	2934045
358	NZ_CP018812.1	2942355	2942446
359	NZ_CP019038.1	6319937	6320045
360	NZ_CP019038.1	6320420	6320532
361	NZ_CP019082.1	1136055	1136111
362	NZ_CP019402.1	990065	990106
363	NZ_CP019402.1	3865410	3865439
364	NZ_CP019633.1	2053859	2053979
365	NZ_CP019781.1	263879	263909
366	NZ_CP019781.1	677428	677468
367	NZ_CYIG01000062.1	16688	16790
368	NZ_CYIG01000062.1	19490	19592
369	NZ_CYTC01000006.1	58837	58895
370	NZ_CYTC01000006.1	141896	141929
371	NZ_CYTC01000006.1	213971	214002
372	NZ_CYTC01000006.1	259639	259671
373	NZ_CYTL01000001.1	693370	693446
374	NZ_CYTL01000001.1	697656	697757
375	NZ_CYTL01000001.1	698104	698203
376	NZ_CYTT01000010.1	194587	194688
377	NZ_CYTT01000010.1	199777	199877
378	NZ_CYXN01000005.1	35939	36058
379	NZ_CYXY01000005.1	149024	149140
380	NZ_CYXY01000005.1	178517	178610
381	NZ_CYYC01000004.1	89312	89428
382	NZ_CYYL01000002.1	117118	117210
383	NZ_CZAZ01000002.1	127125	127211
384	NZ_CZAZ01000002.1	176405	176492
385	NZ_CZBH01000002.1	543	726
386	NZ_CZBV01000004.1	351787	351904
387	NZ_DS264268.1	16668	16770
388	NZ_DS264268.1	52605	52714
389	NZ_DS264311.1	58201	58316
390	NZ_DS264311.1	75217	75328
391	NZ_DS362236.1	80059	80191
392	NZ_DS480346.1	169124	169230
393	NZ_DS499577.1	1042992	1043107
394	NZ_DS499577.1	1082823	1082933
395	NZ_DS499697.1	158857	158981
396	NZ_DS981430.1	19276	19395
397	NZ_DS981430.1	55375	55451
398	NZ_DS981507.1	63983	64100
399	NZ_DS990118.1	221268	221326
400	NZ_DS999412.1	4410744	4410815
401	NZ_DS999412.1	4411208	4411317
402	NZ_DS999412.1	4411287	4411710
403	NZ_DS999412.1	4412124	4412233
404	NZ_DS999412.1	4412582	4412691
405	NZ_DS999412.1	4412661	4413084
406	NZ_DS999412.1	4413498	4413607
407	NZ_DS999412.1	4413956	4414065
408	NZ_EQ973214.1	101614	101691
409	NZ_EQ973214.1	139336	139457
410	NZ_EQ973215.1	364758	364885
411	NZ_EQ973486.1	213786	213915
412	NZ_FCKV01000010.1	169342	169457
413	NZ_FCOX02000004.1	220111	220203
414	NZ_FCOX02000004.1	220596	220687
415	NZ_FKLB01000057.1	44418	44519
416	NZ_FLOB01000002.1	649046	649159
417	NZ_FNAE01000006.1	207838	207938
418	NZ_FNAE01000006.1	208530	208630
419	NZ_FNAY01000020.1	40317	40433
420	NZ_FNJQ01000002.1	134750	134867
421	NZ_FNJQ01000004.1	136691	136800
422	NZ_FNKP01000002.1	2203307	2203396
423	NZ_FNKP01000002.1	2203792	2203881
424	NZ_FNTS01000002.1	3754110	3754208
425	NZ_FNTS01000002.1	3754441	3754505
426	NZ_FNTS01000002.1	3754783	3756044
427	NZ_FNTS01000002.1	3754990	3755109
428	NZ_FNTS01000002.1	3755227	3755409
429	NZ_FNTS01000002.1	3755590	3755738
430	NZ_FNTS01000002.1	3755602	3755843
431	NZ_FNTS01000002.1	3755602	3755709
432	NZ_FNTS01000002.1	3755890	3756009
433	NZ_FNTS01000002.1	3756202	3756309
434	NZ_FNTS01000002.1	3756505	3756605
435	NZ_FNTS01000002.1	3756790	3756908
436	NZ_FNTS01000002.1	3757138	3757205
437	NZ_FNTS01000002.1	3757141	3757334
438	NZ_FNTS01000002.1	3757141	3757209
439	NZ_FNTS01000002.1	3757360	3757509
440	NZ_FNTS01000002.1	3757360	3757658
441	NZ_FNTS01000002.1	3757360	3757509
442	NZ_FNTS01000002.1	3757690	3757808
443	NZ_FNTS01000002.1	3758038	3758105
444	NZ_FNTS01000002.1	3758260	3758405
445	NZ_FNTS01000002.1	3758605	3758705
446	NZ_FNTS01000002.1	3758905	3759008
447	NZ_FNTS01000002.1	3759115	3759309
448	NZ_FNTS01000002.1	3759160	3759443
449	NZ_FNTS01000002.1	3759229	3759338
450	NZ_FNTS01000002.1	3759283	3760544
451	NZ_FNTS01000002.1	3759490	3759609
452	NZ_FNTS01000002.1	3759727	3759909
453	NZ_FNTS01000002.1	3760090	3760238
454	NZ_FNTS01000002.1	3760102	3760343
455	NZ_FNTS01000002.1	3760102	3760209
456	NZ_FNTS01000002.1	3760390	3760509
457	NZ_FNTS01000002.1	3760690	3760808
458	NZ_FNTS01000002.1	3760960	3761108
459	NZ_FNTS01000002.1	3761305	3761408
460	NZ_FNTS01000002.1	3761545	3761708
461	NZ_FNTS01000002.1	3761935	3762000
462	NZ_FNTS01000002.1	3762226	3762303
463	NZ_FNTS01000002.1	3762517	3762606
464	NZ_FNVY01000004.1	568702	568804
465	NZ_FOFM01000005.1	85619	86100
466	NZ_FOGN01000001.1	1161572	1161602
467	NZ_FOIB01000002.1	270742	270773
468	NZ_FOLF01000007.1	58959	59083
469	NZ_FPBL01000002.1	246987	247022
470	NZ_FPIP01000002.1	374096	374151
471	NZ_FPKO01000009.1	176276	176400
472	NZ_FQUY01000025.1	28503	28615
473	NZ_FQZM01000064.1	8647	8766
474	NZ_FQZY01000020.1	60757	60859
475	NZ_FRAE01000037.1	2700	2769
476	NZ_FRAX01000005.1	209830	209922
477	NZ_FRAX01000005.1	214636	214841
478	NZ_FRBE01000005.1	184356	184553
479	NZ_FRDH01000008.1	82681	82783
480	NZ_FRFD01000007.1	150064	150182
481	NZ_FRFD01000007.1	185834	185941
482	NZ_FSQX01000001.1	2940007	2941581
483	NZ_FTMY01000007.1	94613	94707
484	NZ_FTMY01000007.1	95106	95198
485	NZ_FTOG01000012.1	55946	56062
486	NZ_FUWU01000058.1	15954	16128
487	NZ_FUZV01000001.1	1314926	1315031
488	NZ_FUZV01000001.1	1315367	1315473
489	NZ_FUZV01000001.1	1315827	1315936
490	NZ_FVTJ01000021.1	18732	18856
491	NZ_FWCH01000012.1	515382	515481
492	NZ_GG657758.1	3049666	3049695
493	NZ_GG666049.1	16584	16677
494	NZ_GG667666.1	11515	11604
495	NZ_GG692714.1	43364	43493
496	NZ_GG692714.1	247399	247509
497	NZ_GG697151.2	475028	475132
498	NZ_GG697151.2	513135	513249
499	NZ_GG704787.1	4756	4873
500	NZ_GG705175.1	769370	769460
501	NZ_GG705227.1	654602	654719
502	NZ_GG730311.1	127011	127107
503	NZ_GG774796.1	213710	213816
504	NZ_GG774796.1	256521	256628
505	NZ_GG774796.1	256616	256830
506	NZ_GG774949.1	1607676	1607786
507	NZ_GG774949.1	1661201	1661316
508	NZ_GL379585.1	28198	28234
509	NZ_GL538303.1	28428	28549
510	NZ_GL834313.1	119599	119713
511	NZ_GL890521.1	478969	479090
512	NZ_GL890865.1	6004	6068
513	NZ_GL945019.1	171640	171729
514	NZ_GL945342.1	76302	76384
515	NZ_GL945342.1	94592	94675
516	NZ_GL949760.1	240250	240317
517	NZ_GL988634.1	58346	58467
518	NZ_HF570108.1	1442642	1442671
519	NZ_HG938370.1	1604868	1604921
520	NZ_HG938370.1	1605317	1605406
521	NZ_HG938370.1	1606824	1606913
522	NZ_JAEW01000006.1	119199	119275
523	NZ_JAEW01000006.1	154092	154211
524	NZ_JAFA01000012.1	29881	29975
525	NZ_JAFA01000012.1	30378	30472
526	NZ_JAFA01000012.1	124395	124424
527	NZ_JAGQ01000004.1	2035811	2035893
528	NZ_JAGQ01000004.1	2051712	2051794
529	NZ_JAIQ01000034.1	2855	2965
530	NZ_JFJO01000095.1	3085	3203
531	NZ_JGDC01000303.1	43595	43707
532	NZ_JGWV01000017.1	16823	16943
533	NZ_JH114142.1	232876	232975
534	NZ_JH114304.1	401887	401993
535	NZ_JH376870.1	841592	841667
536	NZ_JH376870.1	861144	861227
537	NZ_JH379027.1	3299677	3299732
538	NZ_JH379027.1	3348297	3348352
539	NZ_JH590868.1	413037	413157
540	NZ_JH590868.1	434851	434951
541	NZ_JH590875.1	12034	12155
542	NZ_JH600068.1	2485930	2486056
543	NZ_JH636018.1	110384	110502
544	NZ_JH636038.1	125475	125564
545	NZ_JH651384.1	1053078	1053115
546	NZ_JH724088.1	106007	106122
547	NZ_JH724245.1	11467	11573
548	NZ_JH724268.1	1050623	1050750
549	NZ_JH724268.1	1052382	1052495
550	NZ_JH724283.1	676720	676834
551	NZ_JH724283.1	715566	715642
552	NZ_JH980292.1	3497339	3497456
553	NZ_JH980292.1	3504107	3504224
554	NZ_JH980292.1	4217616	4217733
555	NZ_JH992901.1	381548	381652
556	NZ_JH993795.1	322338	322438
557	NZ_JH993795.1	327773	327889
558	NZ_JH993795.1	336192	336308
559	NZ_JHVC01000013.1	46327	46422
560	NZ_JIAF01000004.1	2628	2719
561	NZ_JIAF01000004.1	2280877	2280988
562	NZ_JIAF01000004.1	2316701	2319924
563	NZ_JIAF01000004.1	2319329	2319420
564	NZ_JIDJ01000049.1	6422	6549
565	NZ_JIDJ01000049.1	9182	9288
566	NZ_JMCH01000022.1	2871	2986
567	NZ_JMFO01000003.1	177510	177654
568	NZ_JMFO01000010.1	38185	38306
569	NZ_JMFO01000010.1	41892	42000
570	NZ_JMFY01000017.1	234854	234952
571	NZ_JNFP01000001.1	348205	348234
572	NZ_JNFS01000001.1	3088918	3089281
573	NZ_JNHG01000525.1	19402	19521
574	NZ_JNHG01000525.1	19813	19889
575	NZ_JNIO01000008.1	7130	7238
576	NZ_JNIO01000008.1	47024	47138
577	NZ_JNIO01000008.1	47639	51557
578	NZ_JNKJ01000010.1	196229	196341
579	NZ_JNKJ01000010.1	231242	231358
580	NZ_JNXT01000020.1	16377	16410
581	NZ_JNXT01000020.1	19414	19443
582	NZ_JNXT01000020.1	56513	56543
583	NZ_JNXT01000020.1	109561	109590
584	NZ_JNYY01000001.1	403950	403988
585	NZ_JNYY01000006.1	2040	2074
586	NZ_JNYY01000006.1	497723	497753
587	NZ_JOEQ01000007.1	18126	18159
588	NZ_JOEQ01000007.1	46145	46175
589	NZ_JOEQ01000007.1	112268	112302
590	NZ_JOEQ01000007.1	150095	150128
591	NZ_JOEQ01000007.1	207978	208011
592	NZ_JOEQ01000007.1	261908	261939
593	NZ_JOFV01000004.1	151571	151600
594	NZ_JOKE01000009.1	58133	58247
595	NZ_JONL01000001.1	669823	669946
596	NZ_JONL01000001.1	672521	672644
597	NZ_JOOA01000001.1	197254	197297
598	NZ_JOOA01000001.1	197828	197944
599	NZ_JPMY01000012.1	79047	79126
600	NZ_JPMY01000012.1	80619	80719
601	NZ_JPMY01000012.1	81347	81448
602	NZ_JQJY01000003.1	347763	347838
603	NZ_JQJY01000003.1	348149	348224
604	NZ_JQJY01000003.1	348637	348712
605	NZ_JQNQ01000001.1	1647134	1647163
606	NZ_JTLI01000008.1	80563	80647
607	NZ_JTLK01000158.1	12957	13058
608	NZ_JTST01000001.1	127434	127533
609	NZ_JTST01000001.1	128143	128245
610	NZ_JUEH01000009.1	110261	110292
611	NZ_JWMA01000055.1	116144	116257
612	NZ_JXDL01000001.1	31146	31178
613	NZ_JXDL01000001.1	33247	33277
614	NZ_JXDL01000001.1	83107	83136
615	NZ_JXDL01000001.1	112086	112115
616	NZ_JXDL01000001.1	182375	182406
617	NZ_JXDL01000001.1	231489	231521
618	NZ_JXDL01000001.1	234631	234660
619	NZ_JXDL01000001.1	237745	237774
620	NZ_JXDL01000001.1	352678	352707
621	NZ_JXDL01000001.1	358449	358481
622	NZ_JXDL01000001.1	390075	390105
623	NZ_JXDL01000001.1	430494	430525
624	NZ_JXDL01000001.1	445354	445383
625	NZ_JXDL01000001.1	481251	481282
626	NZ_JXDL01000001.1	521521	521551
627	NZ_JXDL01000001.1	557008	557039
628	NZ_JXDL01000001.1	579783	579814
629	NZ_JXDL01000001.1	609001	609030
630	NZ_JXDL01000001.1	611588	611618
631	NZ_JXDL01000001.1	613381	613412
632	NZ_JXDL01000001.1	613743	613774
633	NZ_JXDL01000001.1	753634	753664
634	NZ_JXDL01000001.1	756209	756238
635	NZ_JXDL01000001.1	756983	757012
636	NZ_JXDL01000001.1	814256	814285
637	NZ_JXDL01000001.1	853243	853272
638	NZ_JXDL01000001.1	897891	897921
639	NZ_JXDL01000001.1	953870	953901
640	NZ_JXDL01000001.1	973966	973997
641	NZ_JXDL01000001.1	1046818	1046849
642	NZ_JXDL01000001.1	1087020	1087051
643	NZ_JXDL01000001.1	1095447	1095482
644	NZ_JXDL01000001.1	1121289	1121319
645	NZ_JXDL01000001.1	1224457	1224487
646	NZ_JXDL01000001.1	1275899	1275928
647	NZ_JXDL01000001.1	1336143	1336174
648	NZ_JXDL01000001.1	1354732	1354761
649	NZ_JXDL01000001.1	1379889	1379921
650	NZ_JXDL01000001.1	1400374	1400403
651	NZ_JXDL01000001.1	1558127	1558158
652	NZ_JXDL01000001.1	1583729	1583758
653	NZ_JXDL01000001.1	1636940	1636970
654	NZ_JXDL01000001.1	1665168	1665197
655	NZ_JXDL01000001.1	1679375	1679404
656	NZ_JXDL01000001.1	1679817	1679846
657	NZ_JXDL01000001.1	1762419	1762448
658	NZ_JXDL01000001.1	1836412	1836441
659	NZ_JXDL01000001.1	1883388	1883417
660	NZ_JXDL01000001.1	1903468	1903500
661	NZ_JXDL01000001.1	1905517	1905546
662	NZ_JXDL01000001.1	1913532	1913561
663	NZ_JXDL01000001.1	1928466	1928496
664	NZ_JXDL01000001.1	1986643	1986672
665	NZ_JXDL01000001.1	2101669	2101698
666	NZ_JXDL01000001.1	2241129	2241158
667	NZ_JXDL01000001.1	2244760	2244792
668	NZ_JXDL01000001.1	2247688	2247720
669	NZ_JXDL01000001.1	2279221	2279253
670	NZ_JXDL01000001.1	2357289	2357318
671	NZ_JXDL01000001.1	2451728	2451759
672	NZ_JXDL01000001.1	2457907	2457937
673	NZ_JXDL01000001.1	2513369	2513398
674	NZ_JXDL01000001.1	2568771	2568802
675	NZ_JXDL01000001.1	2602619	2602652
676	NZ_JXDL01000001.1	2618269	2618298
677	NZ_JXDL01000001.1	2618992	2619021
678	NZ_JXDL01000001.1	2619859	2619888
679	NZ_JXDL01000001.1	2648097	2648131
680	NZ_JXDL01000001.1	2664011	2664041
681	NZ_JXDL01000001.1	2673386	2673418
682	NZ_JXDL01000001.1	2703201	2703235
683	NZ_JXDL01000001.1	2707908	2707937
684	NZ_JXDL01000001.1	2714851	2714883
685	NZ_JXDL01000001.1	2720208	2720240
686	NZ_JXDL01000001.1	2767763	2767792
687	NZ_JXDL01000001.1	2779812	2779841
688	NZ_JXDL01000001.1	2817640	2817669
689	NZ_JXDL01000001.1	2824315	2824344
690	NZ_JXDL01000001.1	2853274	2853303
691	NZ_JXDL01000001.1	2883350	2883382
692	NZ_JXDL01000001.1	2925143	2925173
693	NZ_JXDL01000001.1	3009711	3009740
694	NZ_JXDL01000001.1	3048226	3048255
695	NZ_JXDL01000001.1	3066312	3066344
696	NZ_JXDL01000001.1	3140889	3140919
697	NZ_JXDL01000001.1	3244067	3244101
698	NZ_JXDL01000001.1	3269750	3269779
699	NZ_JXDL01000001.1	3304445	3304474
700	NZ_JXDL01000001.1	3329286	3329318
701	NZ_JXDL01000001.1	3365688	3365717
702	NZ_JXDL01000001.1	3368453	3368486
703	NZ_JXDL01000001.1	3472314	3472346
704	NZ_JXDL01000001.1	3485240	3485270
705	NZ_JXDL01000001.1	3494255	3494286
706	NZ_JXDL01000001.1	3552883	3552912
707	NZ_JXDL01000001.1	3553000	3553031
708	NZ_JXDL01000001.1	3572908	3572937
709	NZ_JXDL01000001.1	3579847	3579877
710	NZ_JXDL01000001.1	3650923	3650952
711	NZ_JXDL01000001.1	3810950	3810980
712	NZ_JXDL01000001.1	3824287	3824317
713	NZ_JXDL01000001.1	3842555	3842584
714	NZ_JXDL01000001.1	3890880	3890909
715	NZ_JXDL01000001.1	3963957	3963986
716	NZ_JXDL01000001.1	4003676	4003706
717	NZ_JXDL01000001.1	4022105	4022134
718	NZ_JXDL01000001.1	4088878	4088912
719	NZ_JXDL01000001.1	4151729	4151758
720	NZ_JXDL01000001.1	4219003	4219033
721	NZ_JXDL01000001.1	4257425	4257457
722	NZ_JXDL01000001.1	4293086	4293117
723	NZ_JXDL01000001.1	4330731	4330760
724	NZ_JXDL01000001.1	4343287	4343322
725	NZ_JXDL01000001.1	4370743	4370772
726	NZ_JXDL01000001.1	4488915	4488947
727	NZ_JXDL01000001.1	4509247	4509276
728	NZ_JXDL01000001.1	4519357	4519390
729	NZ_JXDL01000001.1	4527113	4527142
730	NZ_JXDL01000001.1	4587764	4587793
731	NZ_JXDL01000001.1	4596310	4596340
732	NZ_JXDL01000001.1	4608110	4608139
733	NZ_JXDL01000001.1	4712809	4712843
734	NZ_JXDL01000001.1	4728948	4728978
735	NZ_JXDL01000001.1	4748620	4748652
736	NZ_JXDL01000001.1	4769647	4769676
737	NZ_JXDL01000001.1	4769825	4769858
738	NZ_JXDL01000001.1	4796330	4796360
739	NZ_JXDL01000001.1	4801373	4801404
740	NZ_JXDL01000001.1	4992396	4992425
741	NZ_JXDL01000001.1	5018683	5018718
742	NZ_JXDL01000001.1	5068584	5068618
743	NZ_JXDL01000001.1	5138125	5138157
744	NZ_JXDL01000001.1	5190003	5190036
745	NZ_JXDL01000001.1	5241305	5241337
746	NZ_JXDL01000001.1	5321438	5321471
747	NZ_JXDL01000001.1	5348446	5348480
748	NZ_JXDL01000001.1	5395677	5395706
749	NZ_JXDL01000001.1	5397045	5397077
750	NZ_JXDL01000001.1	5403122	5403152
751	NZ_JXDL01000001.1	5458784	5458816
752	NZ_JXDL01000001.1	5483115	5483144
753	NZ_JXDL01000001.1	5589420	5589450
754	NZ_JXDL01000001.1	5590490	5590519
755	NZ_JXDL01000001.1	5689527	5689559
756	NZ_JXDL01000001.1	5697619	5697649
757	NZ_JXDL01000001.1	5741856	5741886
758	NZ_JXDL01000001.1	5752742	5752772
759	NZ_JXDL01000001.1	5754219	5754253
760	NZ_JXDL01000001.1	5773639	5773670
761	NZ_JXDL01000001.1	5797151	5797183
762	NZ_JXDL01000001.1	5856004	5856036
763	NZ_JXDL01000001.1	5936775	5936804
764	NZ_JXDL01000001.1	5939705	5939734
765	NZ_JXDL01000001.1	5968151	5968181
766	NZ_JXDL01000001.1	5968619	5968652
767	NZ_JXDL01000001.1	5970410	5970439
768	NZ_JXDL01000001.1	5973384	5973413
769	NZ_JXDL01000001.1	5976129	5976164
770	NZ_JXDL01000001.1	5977631	5977662
771	NZ_JXDL01000001.1	5993895	5993924
772	NZ_JXDL01000001.1	6009291	6009320
773	NZ_JXDL01000001.1	6024022	6024051
774	NZ_JXDL01000001.1	6084287	6084316
775	NZ_JXDL01000001.1	6124330	6124360
776	NZ_JXDL01000001.1	6168003	6168032
777	NZ_JXDL01000001.1	6201970	6202000
778	NZ_JXDL01000001.1	6341728	6341760
779	NZ_JXDL01000001.1	6342107	6342136
780	NZ_JXDL01000001.1	6432452	6432481
781	NZ_JXDL01000001.1	6487815	6487847
782	NZ_JXDL01000001.1	6500611	6500644
783	NZ_JXDL01000001.1	6524851	6524880
784	NZ_JXDL01000001.1	6537767	6537796
785	NZ_JXDL01000001.1	6538579	6538608
786	NZ_JXDL01000001.1	6543823	6543853
787	NZ_JXDL01000001.1	6555595	6555624
788	NZ_JXDL01000001.1	6589858	6589887
789	NZ_JXDL01000001.1	6600223	6600252
790	NZ_JXDL01000001.1	6636168	6636197
791	NZ_JXDL01000001.1	6639476	6639507
792	NZ_JXDL01000001.1	6677593	6677624
793	NZ_JXDL01000001.1	6719691	6719720
794	NZ_JXDL01000001.1	6743456	6743485
795	NZ_JXDL01000001.1	6745060	6745091
796	NZ_JXDL01000001.1	6798219	6798249
797	NZ_JXDL01000001.1	6861602	6861635
798	NZ_JXDL01000001.1	6944080	6944111
799	NZ_JXDL01000001.1	6956538	6956567
800	NZ_JXDL01000001.1	6957598	6957627
801	NZ_JXDL01000001.1	7112192	7112221
802	NZ_JXDL01000001.1	7147385	7147415
803	NZ_JXDL01000001.1	7199486	7199515
804	NZ_JXDL01000001.1	7285831	7285865
805	NZ_JXDL01000001.1	7386667	7386697
806	NZ_JXDL01000001.1	7396967	7396997
807	NZ_JXDL01000001.1	7399342	7399371
808	NZ_JXDL01000001.1	7442872	7442901
809	NZ_JXDL01000001.1	7494948	7494978
810	NZ_JXDL01000001.1	7496218	7496252
811	NZ_JXQH01000052.1	2378	2465
812	NZ_JXXG01000003.1	541696	541807
813	NZ_JYFV01000006.1	43212	43329
814	NZ_JYKO01000020.1	411828	411932
815	NZ_JYKO01000020.1	412503	412607
816	NZ_JYKO01000020.1	413184	413284
817	NZ_JYLD01000008.1	293049	293150
818	NZ_JYLD01000008.1	293735	293837
819	NZ_JZEG01000001.1	844155	844191
820	NZ_JZRC01000006.1	9077	9178
821	NZ_JZRC01000006.1	9744	9845
822	NZ_KB442453.1	331695	331810
823	NZ_KB731310.1	1305	1417
824	NZ_KB731310.1	1942	1985
825	NZ_KB822482.1	16407	16524
826	NZ_KB822482.1	55730	55847
827	NZ_KB822504.1	182851	182933
828	NZ_KB846715.1	151955	151985
829	NZ_KB846715.1	301940	301973
830	NZ_KB846715.1	637943	637974
831	NZ_KB849404.1	440645	440757
832	NZ_KB849413.1	7042	7153
833	NZ_KB890348.1	37743	37858
834	NZ_KB892408.1	406	472
835	NZ_KB892653.1	57994	58111
836	NZ_KB892653.1	74888	75003
837	NZ_KB894220.1	855	988
838	NZ_KB894601.1	37222	37322
839	NZ_KB895376.1	77412	77524
840	NZ_KB895376.1	103614	103726
841	NZ_KB899418.1	92397	92512
842	NZ_KB905957.1	33714	33816
843	NZ_KB905957.1	34301	34347
844	NZ_KB906254.1	305350	305446
845	NZ_KB906254.1	305832	305929
846	NZ_KB911255.1	34180	34209
847	NZ_KB944445.1	37794	37888
848	NZ_KB944445.1	38308	38397
849	NZ_KB944451.1	15161	15250
850	NZ_KB944451.1	15682	15776
851	NZ_KE150239.1	195454	195558
852	NZ_KE150296.1	630	707
853	NZ_KE150296.1	1074	1151
854	NZ_KE150426.1	672899	672928
855	NZ_KE150426.1	1541399	1541434
856	NZ_KE150426.1	2360965	2360994
857	NZ_KE159459.1	2934691	2934741
858	NZ_KE159487.1	428925	429052
859	NZ_KE159489.1	165830	165942
860	NZ_KE159629.1	304712	304816
861	NZ_KE159629.1	340573	340690
862	NZ_KE159636.1	438293	438402
863	NZ_KE159646.1	1788261	1788388
864	NZ_KE159646.1	1976437	1976466
865	NZ_KE159646.1	2130584	2130613
866	NZ_KE159646.1	2800813	2800843
867	NZ_KE159709.1	354466	354561
868	NZ_KE384013.1	121799	121860
869	NZ_KE384013.1	122038	122103
870	NZ_KE384013.1	122267	122328
871	NZ_KE384013.1	122507	122562
872	NZ_KE384013.1	122699	122826
873	NZ_KE384013.1	122951	123048
874	NZ_KE384013.1	123206	123280
875	NZ_KE384013.1	123444	123528
876	NZ_KE384013.1	123662	123732
877	NZ_KE384013.1	123912	123963
878	NZ_KE386572.1	1619937	1619967
879	NZ_KE650771.1	4519923	4520050
880	NZ_KI271554.1	22846	22924
881	NZ_KI271554.1	55271	55378
882	NZ_KI271567.1	77977	78081
883	NZ_KI271567.1	103339	103442
884	NZ_KI391947.1	125965	126058
885	NZ_KI391948.1	462533	462627
886	NZ_KI391948.1	500189	500267
887	NZ_KI519017.1	1283278	1283359
888	NZ_KI519017.1	1283970	1284069
889	NZ_KI632513.1	51731	51849
890	NZ_KI669458.1	257189	257286
891	NZ_KI913951.1	21952	22041
892	NZ_KI913951.1	94854	94972
893	NZ_KI913951.1	98503	98621
894	NZ_KK073872.1	1805986	1806105
895	NZ_KK073874.1	2291980	2292010
896	NZ_KK073874.1	2882909	2882938
897	NZ_KK211357.1	10201	10230
898	NZ_KK211357.1	36955	36984
899	NZ_KL370891.1	2016000	2016031
900	NZ_KN050642.1	976	1117
901	NZ_KN050642.1	4790053	4790194
902	NZ_KN150910.1	1192805	1192900
903	NZ_KN150910.1	1193291	1193390
904	NZ_KN150980.1	131027	131120
905	NZ_KN150980.1	137248	137307
906	NZ_KN150980.1	137734	137825
907	NZ_KN639176.1	5238604	5238640
908	NZ_KQ031391.1	105455	105484
909	NZ_KQ033902.1	2471227	2471327
910	NZ_KQ033902.1	2471611	2471697
911	NZ_KQ033902.1	2471943	2472043
912	NZ_KQ033902.1	2472319	2472381
913	NZ_KQ235764.1	199106	199192
914	NZ_KQ235764.1	199437	199523
915	NZ_KQ236096.1	2587993	2588112
916	NZ_KQ483358.1	199228	199257
917	NZ_KQ483358.1	709356	709386
918	NZ_KQ483358.1	1617936	1617965
919	NZ_KQ483358.1	2647188	2647217
920	NZ_KQ483358.1	2969230	2969265
921	NZ_KQ483358.1	3228216	3228246
922	NZ_KQ483358.1	3550949	3550987
923	NZ_KQ948146.1	816504	816533
924	NZ_KQ968198.1	24122	24223
925	NZ_KQ968401.1	175264	175340
926	NZ_KQ968401.1	210706	210824
927	NZ_KQ976354.1	5092543	5092577
928	NZ_LANB01000001.1	287561	287598
929	NZ_LASZ01000001.1	171525	171635
930	NZ_LASZ01000001.1	172270	172380
931	NZ_LBCW01000293.1	1307	1418
932	NZ_LBNV01000021.1	90062	90099
933	NZ_LCYC01000058.1	529176	529280
934	NZ_LCYC01000058.1	529873	529974
935	NZ_LCZB01000052.1	65084	65190
936	NZ_LCZB01000052.1	70570	70673
937	NZ_LCZB01000052.1	71255	71356
938	NZ_LDJG01000036.1	2235	2330
939	NZ_LDJG01000036.1	6834	6929
940	NZ_LDZY01000004.1	236898	237019
941	NZ_LDZY01000004.1	273518	273631
942	NZ_LFBV01000001.1	720756	720786
943	NZ_LFBV01000001.1	1431809	1431840
944	NZ_LFMP01000013.1	912681	1066718
945	NZ_LFUK01000020.1	14611	14727
946	NZ_LGLE01000005.1	538737	538840
947	NZ_LGLE01000005.1	539425	539526
948	NZ_LIIO01000025.1	44959	45073
949	NZ_LJYG01000108.1	609134	609165
950	NZ_LKKS01000033.1	9939	10040
951	NZ_LKKS01000033.1	10617	10724
952	NZ_LKKS01000033.1	17009	17112
953	NZ_LMEC01000011.1	972954	973062
954	NZ_LMEC01000011.1	973624	973732
955	NZ_LMEC01000011.1	977307	977415
956	NZ_LMFF01000012.1	550926	551046
957	NZ_LMFF01000012.1	551906	552026
958	NZ_LMGM01000001.1	686048	686079
959	NZ_LMGS01000009.1	507626	507656
960	NZ_LMJF01000001.1	134013	134043
961	NZ_LMJF01000001.1	135882	135911
962	NZ_LMJF01000001.1	197477	197506
963	NZ_LMJF01000001.1	288616	288645
964	NZ_LMJF01000001.1	317417	317456
965	NZ_LMJF01000001.1	465281	465327
966	NZ_LMJF01000001.1	522738	522768
967	NZ_LMJF01000001.1	523030	523059
968	NZ_LMJF01000001.1	561222	561251
969	NZ_LMJF01000001.1	666390	666422
970	NZ_LMJF01000001.1	666970	667000
971	NZ_LMJF01000001.1	770243	770272
972	NZ_LMJF01000001.1	790260	790289
973	NZ_LMJF01000001.1	876105	876136
974	NZ_LMJF01000001.1	1024892	1024924
975	NZ_LMJF01000001.1	1376444	1376473
976	NZ_LMJF01000001.1	1403958	1403989
977	NZ_LMJF01000001.1	1533132	1533164
978	NZ_LMJU01000001.1	398150	398179
979	NZ_LMLL01000016.1	5094	5124
980	NZ_LMLT01000010.1	13984	14018
981	NZ_LMLT01000010.1	14146	14186
982	NZ_LMLT01000010.1	14596	14628
983	NZ_LMLT01000010.1	21609	21638
984	NZ_LMLT01000010.1	24162	24198
985	NZ_LMLT01000010.1	55379	55413
986	NZ_LMLT01000010.1	62966	62996
987	NZ_LMLT01000010.1	132961	132994
988	NZ_LMLT01000010.1	140954	140987
989	NZ_LMLT01000010.1	145845	145874
990	NZ_LMLT01000010.1	162539	162579
991	NZ_LMLT01000010.1	175576	175605
992	NZ_LMQV01000044.1	4702	4734
993	NZ_LMUC01000012.1	144223	144303
994	NZ_LMUC01000012.1	147807	147839
995	NZ_LMUC01000012.1	148401	148479
996	NZ_LMUC01000012.1	149458	149513
997	NZ_LN831776.1	7322422	7322453
998	NZ_LN869529.1	1714733	1714868
999	NZ_LN879468.1	1002305	1002334
1000	NZ_LNQU01000005.1	35287	35388
1001	NZ_LNQU01000005.1	35955	36056
1002	NZ_LNRF01000008.1	212973	213107
1003	NZ_LOBR01000032.1	167082	167196
1004	NZ_LOQE01000002.1	110225	110332
1005	NZ_LOWF01000107.1	59717	59808
1006	NZ_LOWF01000107.1	60219	60308
1007	NZ_LOWF01000107.1	60600	60691
1008	NZ_LOWI01000016.1	172338	172368
1009	NZ_LOWP01000021.1	412220	412286
1010	NZ_LOWP01000021.1	412682	412772
1011	NZ_LOWP01000021.1	413168	413257
1012	NZ_LOXK01000134.1	39367	39459
1013	NZ_LOXK01000134.1	45353	45444
1014	NZ_LOXK01000134.1	45838	45929
1015	NZ_LPAI01000116.1	297859	297951
1016	NZ_LPAI01000116.1	298354	298445
1017	NZ_LPAT01000035.1	113455	113545
1018	NZ_LPAT01000035.1	113940	114030
1019	NZ_LPAT01000035.1	115019	115112
1020	NZ_LPCN01000042.1	48801	48893
1021	NZ_LPCN01000042.1	49284	49375
1022	NZ_LPCO01000006.1	247438	247529
1023	NZ_LPCO01000006.1	255470	255559
1024	NZ_LPCO01000006.1	255954	256045
1025	NZ_LPCQ01000232.1	45597	45686
1026	NZ_LPCQ01000232.1	45979	46067
1027	NZ_LPCQ01000232.1	46482	46572
1028	NZ_LPFU01000034.1	310142	310232
1029	NZ_LPFU01000034.1	310635	310726
1030	NZ_LPKL01000043.1	276297	276388
1031	NZ_LPKL01000043.1	276791	276881
1032	NZ_LPMJ01000057.1	94970	95060
1033	NZ_LPMJ01000057.1	95477	95566
1034	NZ_LPMJ01000057.1	103040	103128
1035	NZ_LPMK01000004.1	67980	68069
1036	NZ_LPMK01000004.1	69060	69149
1037	NZ_LPMK01000004.1	69566	69656
1038	NZ_LQYW01000149.1	48132	48208
1039	NZ_LRHX01000019.1	25065	25165
1040	NZ_LRHX01000019.1	27187	27289
1041	NZ_LRHX01000019.1	27588	27688
1042	NZ_LRUJ01000041.1	2830	2932
1043	NZ_LRUJ01000041.1	41139	41241
1044	NZ_LT574835.1	72411	72531
1045	NZ_LT594621.1	1765271	1765321
1046	NZ_LT635801.1	1074092	1074202
1047	NZ_LT635801.1	3102410	3102520
1048	NZ_LT635801.1	3102507	3102890
1049	NZ_LT669940.1	222730	222841
1050	NZ_LT669941.1	1294976	1295067
1051	NZ_LT669941.1	1295338	1295410
1052	NZ_LT669941.1	1295713	1295824
1053	NZ_LT670820.1	1424061	1424091
1054	NZ_LT670844.1	591070	591101
1055	NZ_LUCV01000049.1	285302	285405
1056	NZ_LUCV01000049.1	290051	290151
1057	NZ_LUCV01000049.1	290763	290863
1058	NZ_LVVY01000130.1	22180	22254
1059	NZ_LVVY01000130.1	49319	49423
1060	NZ_LXEM01000017.1	60363	60488
1061	NZ_LXEM01000017.1	62732	62859
1062	NZ_LXGI01000065.1	232948	233038
1063	NZ_LXGI01000065.1	233437	233527
1064	NZ_LYTJ01000023.1	7419	7449
1065	NZ_LYXZ01000005.1	27498	27541
1066	NZ_LZKU01000029.1	7535	7572
1067	NZ_LZPD01000004.1	139633	139742
1068	NZ_LZPD01000004.1	140091	140196
1069	NZ_MACM02000141.1	126086	126186
1070	NZ_MAKC01000082.1	7719	7850
1071	NZ_MANU01000020.1	294025	294135
1072	NZ_MANU01000020.1	294484	294593
1073	NZ_MAQB02000001.1	63598	63667
1074	NZ_MAQB02000001.1	64484	64584
1075	NZ_MAQB02000001.1	64883	64983
1076	NZ_MAQB02000001.1	283172	283272
1077	NZ_MAVV01000019.1	7634	7744
1078	NZ_MCAU02000001.1	1461154	1461186
1079	NZ_MDRX01000001.1	783978	784009
1080	NZ_MDRX01000001.1	827953	827984
1081	NZ_MDRX01000001.1	1431086	1431116
1082	NZ_MDRX01000001.1	2288221	2288250
1083	NZ_MDRX01000001.1	3581806	3581838
1084	NZ_MDRX01000001.1	3857677	3857708
1085	NZ_MDRX01000001.1	4310181	4310210
1086	NZ_MDRX01000001.1	5666092	5666123
1087	NZ_MDRX01000001.1	6100429	6100458
1088	NZ_MDTQ01000001.1	1487215	1487316
1089	NZ_MEHD01000054.1	312105	312204
1090	NZ_MJIG01000004.1	903676	903796
1091	NZ_MJMP01000019.1	28860	28960
1092	NZ_MJMP01000019.1	34008	34110
1093	NZ_MJMP01000019.1	34455	34555
1094	NZ_MKIE01000002.1	232048	232153
1095	NZ_MQTZ01000033.1	2788	2908
1096	NZ_MQTZ01000033.1	5508	5628
1097	NZ_MSKU01000005.1	36206	36235
1098	NZ_MSXV01000023.1	24405	24508
1099	NZ_MSXV01000023.1	25080	25180
1100	NZ_MTAY01000027.1	19686	19790
1101	NZ_MTAY01000027.1	20142	20255
1102	NZ_MTAY01000027.1	20607	20718
1103	NZ_MUEV01000001.1	477754	477842
1104	NZ_MUNV01000026.1	203718	203831
1105	NZ_MUNV01000026.1	204306	204419
